Customer_id;Customer_name;Address_line1
78 Binjai 1;78 Binjai 1;Jl. WAHIDIN NO.167 KM.19 BINJAI
Abadi Jaya Lubuk Pakam 1;Abadi Jaya Lubuk Pakam 1;Jl. GALANG KEL. CEMARA DEPAN GALON LUBUK PAKAM
Abang Adek Pagurawan 1;Abang Adek Pagurawan 1;Jl. JEND.A.YANI NO.28 PAGURAWAN KEC.MEDANG DERAS
Abdi Karya Alfalah 1;Abdi Karya Alfalah 1;Jl. ALVALA MEDAN
Ade Pantai Cermin 1;Ade Pantai Cermin 1;Jl. SIMPANG PANTAI CERMIN 
Adec Kabanjahe 1;Adec Kabanjahe 1;KOMPLEK RUKO PINANGSIA BLOK D NO.18 LIPPO KARAWACI - TANGGERANG 15115
Adek Abang Rantau 1;Adek Abang Rantau 1;Jl. K.DEWANTARA DEKAT RSU KEC.RANTAU SELATAN KAB.LABUHAN BATU
Adek Rantau Prapat 1;Adek Rantau Prapat 1;Jl. SIRINGO - RINGO KEC. RANTAU UTARA LABUHAN BATU
Agro Sukses Mandiri Batubara 1;Agro Sukses Mandiri Batubara 1;DUSUN 2 DESA PAHANG KEC. TALAWI (DEPAN KANTOR KEJAKSAAN)
Ahuat Tanjung Leidong 1;Ahuat Tanjung Leidong 1;Jl. H . IWAN MAKSUM TANJUNG LEIDONG KEC. KUALUH LEIDONG KAB. LABUHAN BATU UTARA
Aloy Tembung 1;Aloy Tembung 1;Jl. PASAR 6 TEMBUNG
Alwi Rantau Selatan 1;Alwi Rantau Selatan 1;Jl. BESAR TANJUNG TIRAM KEC. RANTAU SELATAN
Anang Medan 1;Anang Medan 1;Jl. ALUMANIUM KRAKATAU, MEDAN
Andi Jaya Patumbak 1;Andi Jaya Patumbak 1;Jl. PERTAHANAN UJUNG SIMP 3 PATUMBAK PASAR 7
Andre Gipsum Kisaran 1;Andre Gipsum Kisaran 1;KISARAN SIMPANG KEDAI LADANG / GUDANG MARTIMBUL
Andre Simalungun 1;Andre Simalungun 1;Jl. BESAR KEC. HUTA BAYU SIMPANG REMENGGOL
Aneka Delitua 1;Aneka Delitua 1;Jl. DELITUA SIBIRU BIRU KM 14.5 MEDAN
Anggiat Siantar 1;Anggiat Siantar 1;Jl. MURAI NO. 5 PEMATANG SIANTAR
Anisa Jaya T. Balai 1;Anisa Jaya T. Balai 1;GG. COKLAT LINGKUNGAN 4Jl. ANWAR IDRIS TANJUNG BALAI
Antara Jaya Simpang Kawat 1;Antara Jaya Simpang Kawat 1;Jl. SIMPANG KAWAT KEC.AIR BATU
Anugerah Asri Medan 1;Anugerah Asri Medan 1;Jl. PANCING 11 MARTUBUNG
Anugerah Berastagi 1;Anugerah Berastagi 1;Jl. JAMIN GINTING - BERASTAGI (VIA : PL. GUNDALINGJl. JAMIN GINTING NO 535 PASAR 2 PADANG BULAN - MEDAN)
Anugerah Jaya Tanjung Tiram 1;Anugerah Jaya Tanjung Tiram 1;Jl. SUKA MAJU SIMPANG 4 KEC.TANJUNG TIRAM
Anugerah Lestari Siantar 1;Anugerah Lestari Siantar 1;Jl. SM.RAJA NO.21 KEC. SIANTAR UTARA
Anugerah Suka Raya Medan 1;Anugerah Suka Raya Medan 1;Jl. GLUGUR RIMBUN TANJUNG ANOM
Anugrah Asri Martubung 1;Anugrah Asri Martubung 1;Jl. PANCING II MARTUBUNG
Anugrah Jaya Bagan Batu 1;Anugrah Jaya Bagan Batu 1;Jl. BUKIT PEMBANGUNAN BAGAN BATU
Anugrah Jaya Tanjung Tiram 1;Anugrah Jaya Tanjung Tiram 1;Jl. SUKA MAJU SIMPANG 4 KEC.TANJUNGTIRAM KAB.BATUBARA 
Anugrah Jaya Tanjung Tiram 2;Anugrah Jaya Tanjung Tiram 2;Jl. MERDEKA TANJUNG TIRAM, BATUBARA
Anugrah Mandiri Medan 1;Anugrah Mandiri Medan 1;MEDAN
Anugrah Siantar 1;Anugrah Siantar 1;Jl. SISINGAMANGARAJA NO. 21 PEMATANG SIANTAR
Anugrah Suka Raya Tanjung Anom 1;Anugrah Suka Raya Tanjung Anom 1;Jl. GLUGUR RIMBUN TANJUNG ANOM MEDAN
Aritha Tebing 1;Aritha Tebing 1;Jl. BATU NONGOL PIS-PIS PONDOK SENG KEC. PIS-PIS
Asbes Angsa Medan 1;Asbes Angsa Medan 1;Jl. MEDAN BINJAI KM.11,2 DEPAN SHOWROOM HONDA CITRA BUANA
Asia Jaya Pon 1;Asia Jaya Pon 1;DUSUN 1 DESA PON DEPAN MESJID MUHAMMADIYAH
Asia Maju Medan 1;Asia Maju Medan 1;Jl. SETIA BUDI NO.30 MEDAN SELAYANG
Asia Maju Rantau 1;Asia Maju Rantau 1;Jl. SM.RAJA NO.174
Bahagia Jaya By pass 1;Bahagia Jaya By pass 1;Jl. BAHAGIA BYPASS NO.15
Bahagia Residence Medan 1;Bahagia Residence Medan 1;Jl. GATOT SUBROTO BELAKANG MAKRO MEDAN
Bangun Baru Perbaungan 1;Bangun Baru Perbaungan 1;Jl. DELI NO. 15 KEC. PERBAUNGAN
Bangun Sari Batu Bara 1;Bangun Sari Batu Bara 1;Jl. BINJAI BARU/DESA BANGUN SARI SAMPING PERTAMINA KEC.TALAWI
Bangun Sari Sei Bejangkar 1;Bangun Sari Sei Bejangkar 1;Jl. LINTAS SUMATERA KM 138 SEI BEJANGKAR, BATUBARA
Bangun Utama Bagan Sinembah 1;Bangun Utama Bagan Sinembah 1;Jl. JEND. SUDIRMAN KEC. BAGAN SINEMBAH KAB. ROKAN HILIR
Bangunan Sejati Medan 1;Bangunan Sejati Medan 1;Jl. GLUGUR SEBELAH VILLA GLUGUR MAS (DEPAN SHOWROOM SUZUKI)
Bani Siantar 1;Bani Siantar 1;Jl. JENDRAL SUDIRMAN KEC.RAYA KAB.SIMALUNGUN
Barus Simalingkar 1;Barus Simalingkar 1;Jl. KARET RAYA NO. 70 PRUMNAS SIMALINGKAR
Berdikari Tanjung Balai 1;Berdikari Tanjung Balai 1;Jl. YOS SUDARSO TELUK NIBUNG TANJUNG BALAI
Berkat Anugerah Pratama Marelan 1;Berkat Anugerah Pratama Marelan 1;Jl. ANDAN SARI TERJUN, MARELAN
Berkat Baru Helvetia Medan 1;Berkat Baru Helvetia Medan 1;Jl. KAPT. SUMARSONO NO.6 KEC. MEDAN HELVETIA MEDAN 20124
Berkat Grand Angrek 1;Berkat Grand Angrek 1;Jl. BUNGA RENTE MEDAN SELAYANG
Berkat Insani Talawi 1;Berkat Insani Talawi 1;Jl. PERINTIS KEMERDEKAAN SP.4 INDRAYAMAN KEC. TALAWI
Berkat Jaya Selambo 1;Berkat Jaya Selambo 1;Jl. SELAMBO NO. 63 PANGLIMA DENAI KEC. MEDAN AMPLAS
Berkat Marendal 1;Berkat Marendal 1;Jl. BAJAK II NO.1 C MARENDAL KEC.MEDAN AMPLAS
Berkat Perbaungan 1;Berkat Perbaungan 1;Jl. KENANGA PERBAUNGAN
Berkat Sejahtera Medan 1;Berkat Sejahtera Medan 1;Jl. M. JONI MEDAN / DIKIRIM KEJl. SEMPURNA UJUNG NO.230, MEDAN
Berkat Sejahtera Medan 2;Berkat Sejahtera Medan 2;Jl. HM.JONI NO. 63 MEDAN
Berkat Usaha Tani Kp. Pajak 1;Berkat Usaha Tani Kp. Pajak 1;Jl. LINSUM KAMPUNG PAJAK LABUHAN BATU UTARA
Bersatu Maju Siantar 1;Bersatu Maju Siantar 1;Jl. PENDETA J. WISMAR SARAGIH (DAHULU JALAN BALI) PEMATANG SIANTAR
Bima Maju Binjai 1;Bima Maju Binjai 1;Jl. SOEKARNO HATTA BINJAI
Bintang Karya Mandiri Baganbatu 1;Bintang Karya Mandiri Baganbatu 1;Jl. JENDRAL SUDIRMAN KM.2 KEC.BAHTERA MAKMUR BAGANBATU RIAU 
Bintang Makmur Tebing 1;Bintang Makmur Tebing 1;Jl. KF.TENDEAN BANDAR SAKTI
Bintang Medan 1;Bintang Medan 1;Jl. LETDA SUJONO NO.182 BANDAR SELAMAT, MEDAN 
Buana Jaya Stabat 1;Buana Jaya Stabat 1;Jl. SECANGGANG NO.27 DEPAN RSU INSANI STABAT
Bukit Mas Batu Bara 1;Bukit Mas Batu Bara 1;Jl. CINTA DAMAI KEC.AIR PUTIH
Bumi Kencana Bahorok 1;Bumi Kencana Bahorok 1;Jl. BERDIKARI BELAKANG KANTOR CAMAT BAHOROK (KOTA BAHOROK)
Cahaya Abadi Denai 1;Cahaya Abadi Denai 1;Jl. DENAI NO. 88 MEDAN
Cahaya Baru Aek Nabara 1;Cahaya Baru Aek Nabara 1;Jl. AMPERA NO.16 AEK NABARA
Cahaya Baru Batubara 1;Cahaya Baru Batubara 1;Jl. SEI BALAI BATUBARA
Cahaya Baru Merbau 1;Cahaya Baru Merbau 1;Jl. LINSUM SIMPANG MERBAU KEC.NA IX-X
Cahaya Baru Sei Bulu 1;Cahaya Baru Sei Bulu 1;Jl. SEI BULUH KEC. TELUK MENGKUDU
Cahaya Mitra Abadi Marelan 1;Cahaya Mitra Abadi Marelan 1;Jl. ANDAN SARI GG TERJUN
Cahaya Sinar Logam Lubuk Pakam 1;Cahaya Sinar Logam Lubuk Pakam 1;Jl. SULTAN HASANUDDIN NO. 180 D LUBUK PAKAM
Cipta Karya Nugraha Indrapura 1;Cipta Karya Nugraha Indrapura 1;Jl. JENDRAL SUDIRMAN NO.320 INDRAPURA
Cipta Kreasi Medan 1;Cipta Kreasi Medan 1;Jl. MURAI KOMPLEK PERUMAHAN GRAND MURAILAND NO.2 J MEDAN
Citra Bersama Medan 1;Citra Bersama Medan 1;Jl. PINANG BARIS NO.137 B-C
Citra Saudara Samosir 1;Citra Saudara Samosir 1;PERBABAN KAB. SAMOSIR PAGURURAN
Damanix Multi Karya Medan 1;Damanix Multi Karya Medan 1;Jl. SUKA PURA (MASUK DARI JALAN TRITURA)
Darmawan Sejahtera;Darmawan Sejahtera Tembung 1;Jl. GAMBIR PASAR 8 NO. 2 TEMBUNG
Depan Mesjid Perdagangan 1;Depan Mesjid Perdagangan 1;Jl. LINTAS SUMATRA LIMA PULUH KOTA DEKAT SIMPANG 4 PERDAGANGAN
Desa Maju Polonia 1;Desa Maju Polonia 1;Jl. TERNAK NO.25 POLONIA (LEWAT SEKOLAH ANGKAS)
Dunia Co Kisaran 1;Dunia Co Kisaran 1;Jl. DIPENOGORO
Duta Property Group Medan 1;Duta Property Group Medan 1;Jl. TENGKU AMIR HAMZAH NO.106,108 KOMPLEK GRIYATUR MEDAN
Fajar Jaya Binjai 1;Fajar Jaya Binjai 1;Jl. MEDAN - BINJAI KM.12 GG. PEMBANGUNAN
Fariz Dolok Batu Nanggar 1;Fariz Dolok Batu Nanggar 1;Jl. BESAR SER BELAWAN BAHAPEL NO.95 SUMBER SARI DOLOK BATU NANGGAR
Fauzar Aek Loba 1;Fauzar Aek Loba 1;Jl. LINTAS AEK LOBA - ASAHAN
Front Line Indonesia Medan 1;Front Line Indonesia Medan 1;Jl. JAMIN GINTING NO.286 MEDAN SEBELAH KOMPLEKS PERUMAHAN CITRA GARDEN
Fuad Tanjung Morawa 1;Fuad Tanjung Morawa 1;Jl. TIRTA DELI NO 87 TANJUNG MORAWA
Gambir Aek Kanopan 1;Gambir Aek Kanopan 1;Jl. LINSUM GUNTING SAGA KEC. KUALUH SELATAN AEK KANOPAN LABUHAN BATU UTARA
Gema Mubarak Medan 1;Gema Mubarak Medan 1;Jl. GATOT SUBROTO NO. 111 MEDAN
Gereja Katolik Tanah Jawa 1;Gereja Katolik Tanah Jawa 1;DESA TANJUNG PASIR TANAH JAWA KAB. SIMALUNGUN
Global Kusuma Mitra Mandiri Medan 1;Global Kusuma Mitra Mandiri Medan 1;Jl. BIDUK NO.92 MEDAN
Grand Iron Stell Medan 1;Grand Iron Stell Medan 1;Jl. PUKAT II NO 45 C MEDAN
Grand Minimalis Medan 1;Grand Minimalis Medan 1;Jl. PUKAT II NO 45 C MEDAN
Gundaling Padang Bulan 1;Gundaling Padang Bulan 1;Jl. JAMIN GINTING NO.535 PASAR 2 PADANG BULAN MEDAN
Hanjaya Patumbak 1;Hanjaya Patumbak 1;Jl. PERTAHANAN PATUMBAK DESA. SIGARA GARA KEC. MEDAN AMPLAS
Harapan Aulia Tembung 1;Harapan Aulia Tembung 1;Jl. TERUSAN BANDAR SETIA PEKAN SENIN PASAR 15
Harapan Baru Pangkalan Susu 1;Harapan Baru Pangkalan Susu 1;Jl. KARYA (BIOSKOP LAMA) NO. 1 PANGKALAN SUSU 
Harapan Baru Simalungun 1;Harapan Baru Simalungun 1;SUNGAI LANGGE KAB. SIMALUNGUN
Harapan Jaya Alfalah 1;Harapan Jaya Alfalah 1;Jl. ALFALAH NO. 7 MEDAN
Harapan Jaya Jakarta 1;Harapan Jaya Jakarta 1;JAKARTA
Hari Jaya Air Joman 1;Hari Jaya Air Joman 1;Jl. BESAR AIR JOMAN KEBUN SAYUR
Hartono Perdagangan 1;Hartono Perdagangan 1;Jl. SISINGAMANGARAJA NO 635 PERDAGANGAN
Harva Rahmat Utama Medan 1;Harva Rahmat Utama Medan 1;Jl. HALAT NO. 144 - 144 A- 144 B MEDAN
Hasian Jaya Rantau Prapat 1;Hasian Jaya Rantau Prapat 1;KOMPLEKS PULO MAS BLOCK B NO. 13 RANTAU PRAPAT
Heri Jaya Marelan 1;Heri Jaya Marelan 1;Jl. TERTIB NO. 111 PASAR 5 MARELAN
Ibk Jaya Deli Tua 1;Ibk Jaya Deli Tua 1;Jl. MEDAN DELI TUA KM 10 DEPAN GANG SATRIA - MEDAN
Idola Jaya Johor 1;Idola Jaya Johor 1;Jl. KARYA JAYA NO.253 (DEPAN SIMPANG EKAWARNI)
Ikbal Jaya Martubung 1;Ikbal Jaya Martubung 1;Jl. MARTUBUNG MEDAN
Immanuel Batu Bara 1;Immanuel Batu Bara 1;Jl. BESAR PAGURAWAN SAMPING KANTOR POS KEC.MEDANG DERAS
Indah Gas Lestari Medan 1;Indah Gas Lestari Medan 1;Jl. DUSUN III HAMPARAN PERAK MEDAN
Indah Kisaran 1;Indah Kisaran 1;Jl. BUDI UTOMO SI UMBUT-UMBUT
Indomas Kisaran 1;Indomas Kisaran 1;Jl. PANGLIMA POLEM NO. 1 KISARAN BARAT
Inri E Samosir 1;Inri E Samosir 1;DESA HUTA NAMORE KEC. PANGURURAN KAB. SAMOSIR
Jasa Laut Tanjung Tiram 1;Jasa Laut Tanjung Tiram 1;SIMPANG 4 TANJUNG TIRAM
Jatiwangi Medan 1;Jatiwangi Medan 1;Jl. SETIA BUDI NO.99/117 MEDAN
Jaya Baru Medan 1;Jaya Baru Medan 1;Jl. PALANGKARAYA NO. 59 KEL. PASAR BARU KEC. MEDAN KOTA
Jaya Baru Tembung 1;Jaya Baru Tembung 1;Jl. UTAMA KAMPUNG KOLAM PASAR 14 TEMBUNG (SAMPING KANTOR KEPALA DESA KOLAM)R 
Jaya Block Medan 1;Jaya Block Medan 1;Jl. KAPTEN SUMARSONO NO. 6 (LEWAT PENGADILAN TINGGI AGAMA / DEPAN ANGKUTAN LANGKAT JAYA)
Jaya Lestari Deli Tua 1;Jaya Lestari Deli Tua 1;Jl. BESAR DELI TUA KM. 10,3 N0. 42
Jaya Lestari Tanjung Tiram 1;Jaya Lestari Tanjung Tiram 1;SIMPANG 4 TANJUNG TIRAM BATUBARA
Jaya Medan 1;Jaya Medan 1;Jl. JAMIN GINTING KM. 9,5 MEDAN
Johan Tanjung Balai 1;Johan Tanjung Balai 1;GUDANG GH.Jl. TELUK NIBUNG SIMPANG PT. TIMUR JAYA TANJUNG BALAI
Juliandi Property Medan 1;Juliandi Property Medan 1;Jl. SM. RAJA NO.12 (SEBELAH DINAS KEHUTANAN/ DEPAN SEKOLAH ALWASLIYAH)
Junto Gedung Arca 1;Junto Gedung Arca 1;Jl. GEDUNG ARCA NO.11 MEDAN
Kalijati Binjai 1;Kalijati Binjai 1;Jl. GATOT SUBROTO NO.219 BINJAI
Kamaruddin (Kepala Dusun) Batubara 1;Kamaruddin (Kepala Dusun) Batubara 1;DUSUN I DESA KUALAH INDAH KEC. SEI SUKA KAB. BATUBARA
Kapolres Batubara 1;Kapolres Batubara 1;BATUBARA
Karunia Jaya Bahagia 1;Karunia Jaya Bahagia 1;Jl. BAHAGIA BY PASS NO. 45 D (MASUK DARI SULTAN DENAI )
Karunia Jaya Johor 1;Karunia Jaya Johor 1;Jl. KARYA JAYA MEDAN JOHOR
Karya Andalan Sejahtera Medan 1;Karya Andalan Sejahtera Medan 1;Jl. SISINGAMANGARAJA KM 5,5 NO. 1 C MEDAN
Karya Cipta Tirta Murni Medan 1;Karya Cipta Tirta Murni Medan 1;Jl. EKA SUKA NO.8 JOHOR MEDAN
Karya Jaya Johor 1;Karya Jaya Johor 1;Jl. KARYA JAYA MEDAN JOHOR
Karya Jaya Laut Dendang 1;Karya Jaya Laut Dendang 1;Jl. PERHUBUNGAN NO.34 A / 86 SIMPANG BEO, LAUT DENDANG
Karya Maju Bersama Medan 1;Karya Maju Bersama Medan 1;Jl. PEMBANGUNAN BARU NO.18 MEDAN
Karya Prima Johor 1;Karya Prima Johor 1;Jl. KARYA JAYA NO. 266 A KEC. MEDAN JOHOR
Karya Setia Residence Medan 1;Karya Setia Residence Medan 1;Jl. KARYA SETIA MEDAN
Karya Tebing 1;Karya Tebing 1;Jl. IMAM BONJOL NO. 8 TEBING TINGGI KOTA
Karya Vika Jaya Namorambe 1;Karya Vika Jaya Namorambe 1;Jl. NAMORAMBE PASAR III KEC. NAMORAMBE MEDAN 
Keluarga Kisaran 1;Keluarga Kisaran 1;Jl. BUDI UTOMO KECAMATAN.SIUMBUT - UMBUT, KISARAN
Kembar Jaya Namorambe 1;Kembar Jaya Namorambe 1;Jl. BESAR NAMORAMBE (SIMPANG KOWILHAN)
Kencana Agung Johor 1;Kencana Agung Johor 1;Jl. KARYA JAYA NO. 45 MEDAN JOHOR
KGJ Group Medan 1;KGJ Group Medan 1;Jl. AAMIR HAMZAH NO 111 MEDAN / DIKIRIM KE PERUMAHAN JATI KESUMAJl. NAMORAMBE JATI KESUMA MEDAN
Klumpang Jaya Klumpang 1;Klumpang Jaya Klumpang 1;Jl. BESAR KLUMPANG PASAR 3 SAMPING TITI KEBUN TEBU
Koramil Tajung Balai 1;Koramil Tajung Balai 1;TANJUNG BALAI (SIMPANG MAKAM PAHLAWAN TANJUNG BALAI)
Kpum Medan 1;Kpum Medan 1;Jl. RAHMAD BUDIN PASAR 5 MARELAN
Ksu Mpsu Sigura Gura 1;Ksu Mpsu Sigura Gura 1;Jl. SIGURA-GURA KM.42 KEC. PULAU RAKYAT KAB. ASAHAN
Kurnia Padang Bulan 1;Kurnia Padang Bulan 1;Jl. JAMIN GINTIN NO. 519 PADANG BULAN MEDAN
Laris Jaya Kota Pinang 1;Laris Jaya Kota Pinang 1;Jl. LINTAS AEK NABARA KOTA PINANG KM. 5 PEMATANG SELENG KEC. BILAH HULU KAB. LABUHAN BATU
Laris Jaya Marendal 1;Laris Jaya Marendal 1;Jl. MARENDAL PASAR 7 MEDAN
Lembah Melintang Denai 1;Lembah Melintang Denai 1;Jl. PANGLIMA DENAI AMPLAS 81 A
Linsa Pangururan 1;Linsa Pangururan 1;Jl. H.DARIANUS SINAGA PANGURURAN
Logam Jaya Sei Piring 1;Logam Jaya Sei Piring 1;Jl. BESAR SUNGAI PIRING
Mahkota Kaca Bagan Batu 1;Mahkota Kaca Bagan Batu 1;Jl. JENDRAL SUDIRMAN SAMPING KLINIK AGUNG KEC. BAGAN SINEMBAH, BAGAN BATU
Mahkota Kaca Sinembah 1;Mahkota Kaca Sinembah 1;Jl. JENDRAL SUDIRMAN SAMPING KLINIK AGUNG KEC. BAGAN SINEMBAH, BAGAN BATU
Maja Agung Galang 1;Maja Agung Galang 1;Jl. PERINTIS KEMERDEKAAN NO.9 GALANG
Maju Jaya Aekanopan 1;Maju Jaya Aekanopan 1;Jl. JENDRAL SUDIRMAN NO.12 DEPAN TELKOM KEC. KWALUH HULU KAB. LABUHAN BATU UTARA
Maju Jaya Galang;Maju Jaya Galang 1;
Maju Jaya Inalum 1;Maju Jaya Inalum 1;Jl. ACCES ROAD INALUM DESA PAKAM KEBUN UBI K.TANJUNG
Maju Jaya Linsum 1;Maju Jaya Linsum 1;Jl. LINSUM TERANG BULAN KEC.AEK NATAS KAB. LABUHAN BATU UTARA
Maju Jaya Medan 1;Maju Jaya Medan 1;Jl. GATOT SUBROTO NO.100 MEDAN
Maju Jaya Medan 2;Maju Jaya Medan 2;Jl. SETIA BUDI 127 TJ. SARI PSR I
Maju Jaya Tebing 1;Maju Jaya Tebing 1;Jl. SM.RAJA NO.42/BANDAR SONO
Maju Perbaungan 1;Maju Perbaungan 1;Jl. LAKSANA NO.20 PERBAUNGAN, SERGEI
Makmur Jaya Padangsidempuan 1;Makmur Jaya Padangsidempuan 1;PADANGSIDEMPUAN
Makmur Jaya Serdang Bedagai 1;Makmur Jaya Serdang Bedagai 1;Jl. PANTAI SIALANGBUA KEC. SIALANGBUA KAB. SERGEI
Makmur Jaya Tembung 1;Makmur Jaya Tembung 1;Jl. MAKMUR JAYA PSR.7 TEMBUNG MEDAN
Mandiri Jaya Kanopan 1;Mandiri Jaya Kanopan 1;Jl. LINTAS SUMATERA KEC. LEDONG TIMUR AEK KANOPAN
Mandiri Jaya Marendal 1;Mandiri Jaya Marendal 1;Jl. BAJAK MARENDAL
Mandiri Tembung 1;Mandiri Tembung 1;Jl. SEMPURNA PASAR 7 TEMBUNG
Marelan Jaya Medan 1;Marelan Jaya Medan 1;Jl. MARELAN IX NO. 130 MEDAN
Marendal Jaya Amplas 1;Marendal Jaya Amplas 1;Jl. BAJAK NO. 38 MARENDAL KEC. MEDAN AMLAS
Martimbul Kisaran 1;Martimbul Kisaran 1;KISARAN SIMPANG KEDAI LEDANG
Maryam Talawi 1;Maryam Talawi 1;Jl. SIMPANG 4 INDRAYAMAN KEC. TALAWI
Medan Jaya Binjai 1;Medan Jaya Binjai 1;Jl. MEDANBINJAI KM. 9,2 KAMPUNG LALANG
Mega Block Sunggal 1;Mega Block Sunggal 1;ASAM KUMBANG TERNAK BUAYA SUNGGAL
Mekar Jaya T. Balai 1;Mekar Jaya T. Balai 1;Jl. JENDRAL SUDIRMAN DEPAN KANTOR KPU TANJUNG BALAI
Menara Station Medan 1;Menara Station Medan 1;Jl. TANGGUK BONGKAR 3 / GARUDA NO.10 MANDALA MEDAN
Menteng Jaya Medan 1;Menteng Jaya Medan 1;Jl. MENTENG RAYA NO. 2 MEDAN
Merbau Siantar 1;Merbau Siantar 1;Jl. MERDEKA NO.17 KEC.DOLOK BATU NANGGAR SERBELAWAN
Miduk Prabot Mandoge 1;Miduk Prabot Mandoge 1;DESA HUTA BAGASAN KEC. BP . MANDOGE KAB. ASAHAN
Mino Jaya Tanjung Tiram 1;Mino Jaya Tanjung Tiram 1;DUSUN 9 DESA UJUNG KUBU TANJUNG TIRAM
Mitra Jaya Utama Batubara 1;Mitra Jaya Utama Batubara 1;Jl. JENDRAL SUDIRMAN SIMPANG DOLOK BATUBARA
Mitra Enginering Medan 1;Mitra Enginering Medan 1;Jl. DAMAI II MEDAN AMPLAS
Mitra Jaya Abadi Air Joman 1;Mitra Jaya Abadi Air Joman 1;Jl. PENGHIJAUAN DESA SUBUR, KEC. AIR JOMAN, KAB. : ASAHAN
Mitra Jaya Tembung 1;Mitra Jaya Tembung 1;Jl. DATUK KABU NO.79 PSR III TEMBUNG
Mitra Makmur Pancing 1;Mitra Makmur Pancing 1;Jl. PANCING NO.53 MEDAN
Mitra Mulia Mandiri Medan 1;Mitra Mulia Mandiri Medan 1;KOMPLEK AVROS NO.A1
Mitra Perkasa Simalungun 1;Mitra Perkasa Simalungun 1;SIMALUNGUN CITY RAYA
Monika Jaya Persada Binjai 1;Monika Jaya Persada Binjai 1;Jl. TANAH MERAH PASAR I SIMPANG ALAS BINJAI
Mulia Tembung 1;Mulia Tembung 1;Jl. PASAR 7 BERINGIN NO.120 SIMPANG PASAR 5 TEMBUNG MEDAN
Munawar Medan 1;Munawar Medan 1;Jl. MONGINSIDI GG. BARU NO. 5 B MEDAN
Mutiara Pantai Batubara 1;Mutiara Pantai Batubara 1;Jl. SIMP.4 INDRAYAMAN KEC.TALAWI
Naga Mas Bintang Mas Kisaran 1;Naga Mas Bintang Mas Kisaran 1;Jl. POLEM UJUNG DPN TANGKAHAN PASIR
Nanda Nindi Medan 1;Nanda Nindi Medan 1;Jl. JOHAR DUSUN IV NO. 27 MEDAN
Naspa Talawi 1;Naspa Talawi 1;DUSUN II DESA PAHANG KEC. TALAWI
Nawera Simalungun 1;Nawera Simalungun 1;Jl. PASAR BARU KEC. BOSAR MALIGAS KAB.SIMALUNGUN
NH Pematang Siantar;NH Pematang Siantar;Jl. PARAPAT NO.54 SIMPANG DUA PEMATANG SIANTAR
Nijeff Jaya Simalungun 1;Nijeff Jaya Simalungun 1;Jl. MEDAN KM. 10.5 SINAKSAK KEC. DOLOK BATU NANGGAR KAB. SIMALUNGUN
Nirma Samosir 1;Nirma Samosir 1;Jl. NAHUM SITUMORANG PEKAN IMPRES PANGURURAN NO.140 SAMOSIR
Nizam Batubara 1;Nizam Batubara 1;LABUHAN RUKU KEC. TALWI, KABUPATEN BATUBARA
Obor Siantar 1;Obor Siantar 1;Jl. DIPONEGORO NO. 6 PEMATANG SIANTAR
Pak Hasibuan;Pak Hasibuan;DESA KUALA INDAH
Pala Pintu Siantar 1;Pala Pintu Siantar 1;Jl. BOMBONGAN RAYA , SIMP KARANG SARI PERMAI KEC.SIANTAR MARTOBA KOTAMADYA PEMATANG SIANTAR
Panen Raya Perdagangan 1;Panen Raya Perdagangan 1;Jl. SISINGAMANGARAJA NO 635 PERDAGANGAN
Panhara Medan 1;Panhara Medan 1;Jl. RAKYAT NO. 150 PSR 3 KEC. MEDAN PERJUANGAN
Pantara Jaya Air Joman 1;Pantara Jaya Air Joman 1;Jl. BESAR AIR JOMAN PASAR 7 AIR JOMAN
Paten Sunggal 1;Paten Sunggal 1;Jl. PAM TIRTANADI NO. 51 SUNGGAL
Paudang Setia Simalungun 1;Paudang Setia Simalungun 1;Jl. BESAR TINJAUAN KEC. UJUNG PADANG KAB. SIMALUNGUN
Pelangi Mas Limapuluh 1;Pelangi Mas Limapuluh 1;Jl. GAMBUS LAUT KEC.LIMA PULUH
Pelita Serbelawan 1;Pelita Serbelawan 1;Jl. MERDEKA NO.104 SERBELAWAN
Perdana Jaya Air Batu 1;Perdana Jaya Air Batu 1;Jl. HESA, AIR GENTING KEC.AIR BATU KAB.ASAHAN
Permata Indah Patumbak 1;Permata Indah Patumbak 1;Jl. PERTAHANAN,PATUMBAK
Perumahan Johor Baru Vista 1;Perumahan Johor Baru Vista 1;Jl. KARYA JAYA (MASUK EKA SURYA)
Ponimin Torgamba 1;Ponimin Torgamba 1;SIMP. KANAN KP . JEMBATAN 88 KEC.TORGAMBA LABUHAN BATU SELATAN
Prima Andalas Binjai 1;Prima Andalas Binjai 1;Jl. GATOT SUBROTO NO.273 BINJAI BARAT
Prima Jaya Lestarindo Abadi Medan 1;Prima Jaya Lestarindo Abadi Medan 1;PASAR III , NO. 110 KRAKATAU MEDAN
Propertindo Batubara 1;Propertindo Batubara 1;Jl. PEMATANG KUING GUDANG SAGU NO. 28 BATUBARA
PT. ALAM DUNIA ENG.& CONST.;PT. ALAM DUNIA ENG.& CONST.;KOMPLEK RUKOPINANGSIA BLOK D NO.18 LIPPO KARAWACI - TANGGERANG 15115
Puri 12 Ismailyah 1;Puri 12 Ismailyah 1;Jl. ISMAILYAH NO.38 MEDAN
Pursida Siantar 1;Pursida Siantar 1;Jl. ASAHAN KM.6 NO.162 PEMATANG SIANTAR
Putra Jaya Tebing 1;Putra Jaya Tebing 1;Jl. DR . HAMKA TEBING TINGGI
Putra Pratama Lubuk Pakam 1;Putra Pratama Lubuk Pakam 1;Jl. BAKARAN BATU LUBUK PAKAM
Putri Jaya Aek Kanopan 1;Putri Jaya Aek Kanopan 1;Jl. MAYOR SIDDIK AEK KANOPAN KEC. KUALUH HULU KAB. LABUHAN BATU UTARA K
Rahma Jaya Marelan 1;Rahma Jaya Marelan 1;Jl. MARELAN IX NO.159 PSR I REL.KEL.TANAH ENAM RATUS MEDAN
Rahmat Batubara 1;Rahmat Batubara 1;Jl. LINTAS SUMATERA SIMPANG DOLOK - BATUBARA
Rahmat Martubung 1;Rahmat Martubung 1;MARTUBUNG PASAR 7 PERUMNAS GRIA KEC MEDAN LABUHAN, DELI SERDANG
Raja Pas Bangunan Rantau Prapat 1;Raja Pas Bangunan Rantau Prapat 1;Jl. DEWI SARTIKA SIMP 4 PADANG PASIR RANTAU PRAPAT
Rani Ketaren Tanjung Anom 1;Rani Ketaren Tanjung Anom 1;Jl. GLUGUR RIMBUN SIMP.SILEBO -LEBO NO.1 TANJUNG ANOM(DEKAT PESANTREN DARUL AL - FALAH)
Raya Panglong Siantar 1;Raya Panglong Siantar 1;Jl. JOMBIT NO.17 SONDI RAYA PEMATANG SIANTAR
Residen Kualah Selatan 1;Residen Kualah Selatan 1;Jl. LISUM SIRANGGO KEC. KUALAH SELATAN KAB. LABUHAN BATU UTARA
Reyeni Aeknabara 1;Reyeni Aeknabara 1;Jl. AMPERA NO. 33 AEK NABARA LABUHAN BATU UTARA
Reza Mas Bandar Tinggi 1;Reza Mas Bandar Tinggi 1;Jl. BATU-BATU MASUK DARI SIMP.BANDAR TINGGI
Rezeki Baru Limapuluh 1;Rezeki Baru Limapuluh 1;Jl. BESAR SIMPANG DOLOK, LIMAPULUH
Rezeki Makmur T . Balai 1;Rezeki Makmur T . Balai 1;Jl. SUDIRMAN KM. 35 TANJUNG BALAI
Ridho Asahan 1;Ridho Asahan 1;Jl. LINTAS SUMATERA SIMP. LIDAH TANAH
Rimba Jaya Firdaus 1;Rimba Jaya Firdaus 1;Jl. NEGARA KM.5,5 SIMP. PASAR RODI FIRDAUS - JALINSUM
Rimbun Jaya T. Tiram 1;Rimbun Jaya T. Tiram 1;Jl. BESAR BAGAN KEC.TANJUNG TIRAM
Rimbun Medan 1;Rimbun Medan 1;Jl. KRAKATAU NO.180/8 MEDAN
Rizki Tanjung Morawa 1;Rizki Tanjung Morawa 1;Jl. BANDAR LABUHAN DUSUN 3 TANJUNG MORAWA
Rizkinta Tanjung Morawa 1;Rizkinta Tanjung Morawa 1;Jl. LIMAU MANIS PASAR 15 UJUNG SIMPANG UNDIAN MEDAN SINEMBAH TANJUNG MORAWA
Rizky Batubara 1;Rizky Batubara 1;DESA MANGKE KEC.LIMA PULUH KAB.BATUBARA
Rizky Marendal 1;Rizky Marendal 1;Jl. BAJAK MARENDAL KEC. MEDAN AMPLAS
Romian Arta Samosir 1;Romian Arta Samosir 1;Jl. SIMANINDO BUHIT KEC. SAMOSIR KAB. TOBASA
Romorajunt Medan 1;Romorajunt Medan 1;Jl. PINTU AIR / HORAS NO. 12 MEDAN
Roni Jaya Medan 1;Roni Jaya Medan 1;Jl. SETIA BUDI 127 TJ. SARI PSR I
Roy Grup Medan 1;Roy Grup Medan 1;Jl. DAMAI NO. 47 A SITI REJO II MEDAN AMPLAS
Rudi Pancing 1;Rudi Pancing 1;Jl. PANCING NO. 225 MEDAN
S Munthe Panigoran 1;S Munthe Panigoran 1;Jl. LINTAS SUMATERA SIMPANG PANIGORAN KEC. NA IX-X
Sabar Jaya Marendal 1;Sabar Jaya Marendal 1;Jl. BAJAK DEPAN GG.ROSO MARENDAL KEC. MEDAN AMPLAS
Sabar Mulia Sei Bulu 1;Sabar Mulia Sei Bulu 1;Jl. BESAR MEDAN T.TINGGI SEI BULUH
Sahabat Perdagangan 1;Sahabat Perdagangan 1;Jl. ASAHAN NO.77 PERDAGANGAN SEBERANG
Sahada Jaya Cikampak 1;Sahada Jaya Cikampak 1;Jl. LINSUM CIKAMPAK DESA PINANG AWAN KEC. TORGAMBA LABUSEL
Saudara Jaya Kisaran 1;Saudara Jaya Kisaran 1;Jl. SUTOMO NO.135
Saudara Jaya Tebing 1;Saudara Jaya Tebing 1;Jl. DEB. SUNDORO TEBING TINGGI KEC. PADANG HILIR
Saudara Jaya Traso Sunggal 1;Saudara Jaya Traso Sunggal 1;Jl. RAJAWALI NO.36 SIMPANG SUNGGAL
Sehati Sejahtera Martubung 1;Sehati Sejahtera Martubung 1;Jl. RAWE 7 MARTUBUNG MARTUBUNG(LEWAT MESJID NASUHA TAQWA)
Sejahterah Perdagangan 1;Sejahterah Perdagangan 1;Jl. SUDIRMAN NO. 8 PERDAGANGAN
Sejati Beton Medan 1;Sejati Beton Medan 1;Jl. PERCUT, SAMPALI 
Sejati Binjai 1;Sejati Binjai 1;Jl. SEI BINGEI BINJAI
Sejati Tebing 1;Sejati Tebing 1;Jl. IR.JUANDA T.TINGGI MASUK DARI SIMP.BEO
Selama Indah T . Balai 1;Selama Indah T . Balai 1;Jl. TELUK NIBUNG TJ. BALAI/ DEPAN PABRIK ES GUNUNG SALJU
Selesai Jaya Tembung 1;Selesai Jaya Tembung 1;Jl. PASAR 7 TEMBUNG (LEWAT REL DEPAN KUBURAN)
Seljatama Binjai 1;Seljatama Binjai 1;Jl. WAHIDIN NO. 196 A BINJAI
Semangat Baru Biru - Biru 1;Semangat Baru Biru - Biru 1;Jl. BESAR SIBIRU - BIRU NO. 22 BIRU - BIRU
Serba Jadi Sunggal 1;Serba Jadi Sunggal 1;Jl. SUNGGAL NO.323 (DEPAN PDAM TIRTANADI SUNGGAL)
Setia Arifin Perbaungan 1;Setia Arifin Perbaungan 1;Jl. SERDANG NO. 60 LINGKUNGA PEKAN 2 PERBAUNGAN
Setia Baru Medan 1;Setia Baru Medan 1;Jl. GUNUNG KRAKATAU NO.173 MEDAN
Setia Baru Yos Sudarso Medan 1;Setia Baru Yos Sudarso Medan 1;Jl. YOS SUDARSO KM 12.5 SIMP. DOBY
Setia Budi Tanjung Tiram 1;Setia Budi Tanjung Tiram 1;Jl. RAKYAT UJUNG BAGAN DALAM PAJAK MINI BATUBARA KEC. TANJUNG TIRAM
Setia Jaya Tembung 1;Setia Jaya Tembung 1;Jl. TERUSAN BANDAR SETIA DUSUN NO.8 TEMBUNG
Setia Kawan Sergai 1;Setia Kawan Sergai 1;Jl. JEND.SUDIRMAN SP.BEDAGAI SEI RAMPAH KAB.SERGAI
Setia Perbaungan 1;Setia Perbaungan 1;Jl. KENANGA PERBAUNGAN
Sewangi Tebing 1;Sewangi Tebing 1;Jl. JEND.SUDIRMAN NO.391
Siaga Baru Rantau 1;Siaga Baru Rantau 1;Jl. IMAM BONJOL KEC. RANTAU UTARA KAB. LABUHAN BATU
Sigma Triple Block 1;Sigma Triple Block 1;Jl. NGUMBAN SURBAKTI
Sigma Triple/Block;Sigma Triple/Block;Jl. NGUMBAN SURBAKTI 
Simalungun Traso Siantar 1;Simalungun Traso Siantar 1;Jl. MEDAN KEC.SIANTAR MARTOBA
Sinar Baja Pangkalan Brandan 1;Sinar Baja Pangkalan Brandan 1;Jl. SUTOMO NO.60 PANGKALAN BRANDAN
Sinar Baja Perbaungan 1;Sinar Baja Perbaungan 1;Jl. SERDANG NO.24 C PERBAUNGAN
Sinar Buana 1;Sinar Buana 1;Jl. TANJUNG BALAI GUDANG SINAR BUANA DEPAN PRUMNAS BATU 4 SEBELAH KANAN
Sinar Buana T. Balai 1;Sinar Buana T. Balai 1;Jl. TANJUNG BALAI GUDANG SINAR BUANA DEPAN PRUMNAS BATU 4 SEBELAH KANAN
Sinar Family TJ Balai 1;Sinar Family TJ Balai 1;Jl. ALTERI TANJUNG BALAI ( DEPAN PL. TUNAS FAMILY)
Sinar Gunung Aekanopan 1;Sinar Gunung Aekanopan 1;Jl. LINSUM AEKANOPAN LEDONG BARAT KEC.LEDONG BARAT KAB.LABUHAN BATU UTARA
Sinar Harapan Binjai 1;Sinar Harapan Binjai 1;Jl. MEDAN - BINJAM KM. 15,5, DEPAN WIKA BETON
Sinar Jaya Binjai 1;Sinar Jaya Binjai 1;Jl. AMIR HAMZAH KM. 13,5 NO. 13-30 BINJAI UTARA
Sinar Jaya Perbaungan 1;Sinar Jaya Perbaungan 1;Jl. MEDAN - T. TINGGI KOTA GALUH PERBAUNGAN
Sinar Jaya T. Balai 1;Sinar Jaya T. Balai 1;Jl. JAMIN GINTING KM.3 SI JAMBI KEC.DATUK BANDAT
Sinar Jaya Tebing 1;Sinar Jaya Tebing 1;Jl. KF.TANDEAN NO.282 C T
Sinar Madani Gemilang Medan 1;Sinar Madani Gemilang Medan 1;Jl. K.L YOS SUDARSO GG. BAHADUR NO.1 GLUGUR KOTA MEDAN BARAT
Sinar Makmur TJ Balai 1;Sinar Makmur TJ Balai 1;Jl. TEUKU UMAR UJUNG NO. 85 KEC. TANJUNG BALAI KAB. ASAHAN
Sinar Saudara Medan 1;Sinar Saudara Medan 1;Jl. RAKYAT NO.116/106 MEDAN
Sinar Terang Aek Kanopan 1;Sinar Terang Aek Kanopan 1;Jl. BESAR LONDUT AEK KANOPAN KEC. KWALUH SELATAN
SKJ Kisaran 1;SKJ Kisaran 1;Jl. BUDI UTOMO MUTIARA KISARAN TIMUR
Sopan Karya Kabanjahe 1;Sopan Karya Kabanjahe 1;Jl. BAMBU RUNCING NO 25 KEL PADANG MAS KABANJAHE
SS Jaya Tanjung Anom 1;SS Jaya Tanjung Anom 1;Jl. GLUGUR RIMBUN NO.336 B TJ.ANOM
Subur Baru Inalum 1;Subur Baru Inalum 1;Jl. ACCES ROAD INALUM DESA PAKAM KEBUN UBI KAB. BATUBARA
Subur Baru Medan 1;Subur Baru Medan 1;Jl. SISINGAMANGARAJA NO.11,12 H
Subur Sunggal 1;Subur Sunggal 1;Jl. BUNGA RAYA NO.23 KEC. MEDAN SUNGGAL
Subur Sunggal 2;Subur Sunggal 2;Jl. BUNGA RAYA NO.15 ASAM KUMBANG MEDAN
Sukses Beton Medan 1;Sukses Beton Medan 1;Jl. PULAU SUMBAWA NO. 7 KAWASAN INDUSTRI MEDAN
Sukses Mandiri Talawi 1;Sukses Mandiri Talawi 1;DEPAN LP. KEJAKSAAN KAYU ARA DESA PAHANG TALAWI BATU BARA
Sumarman Galang 1;Sumarman Galang 1;Jl. ASRAMA BRIGIP 7 / RIMBA RAYA GALANG
Sumatra Cikampak 1;Sumatra Cikampak 1;Jl. TORGANDA NO. 84 CIKAMPAK KOTA KEC. TORGANDA KAB. LABUHAN BATU SELATAN
Sumber Baru Batang Kuis 1;Sumber Baru Batang Kuis 1;Jl. NIAGA NO.19 BATANG KUIS 
Sumber Ilham Medan 1;Sumber Ilham Medan 1;Jl. JERMAL 7 NO.1 MEDAN
Sumber Jaya Medan 1;Sumber Jaya Medan 1;Jl. LETDA SUJONO NO. 103 - MEDAN
Sumber Kali Tebing 1;Sumber Kali Tebing 1;Jl. KAPTEN F. TANDEAN NO.350 TEBING TINGGI
Sumber Makmur Tanah Datar 1;Sumber Makmur Tanah Datar 1;Jl. BESAR TANAH DATAR KEC. TALAWI
Sumber Pembangunan Aeknabara 1;Sumber Pembangunan Aeknabara 1;Jl. LINTAS SUMATERA,AEK NABARA NO.49 KEC.BILAH HULU LAB.BATU
Sunggal Block Medan 1;Sunggal Block Medan 1;Jl. BUNGA RAYA ASAM KUMBANG (SAMPING LEMBAGA PENJAMIN MUTU PENDIDIKAN)
Sunjun Sukses Abadi Medan 1;Sunjun Sukses Abadi Medan 1;Jl. MENGGALA NO. 25 MEDAN
Surbakti Berastagi 1;Surbakti Berastagi 1;Jl. JAMIN GINTING NO.15 BERASTAGI
Surya Agung Tembung 1;Surya Agung Tembung 1;Jl. PENGABDIAN PASAR 12 BANDAR SETIA TEMBUNG
Surya Indah Pulau Raja 1;Surya Indah Pulau Raja 1;Jl. PULAU RAJA PEKAN
Surya Kencana Lubuk Pakam 1;Surya Kencana Lubuk Pakam 1;Jl. TUMPATAN DEPAN TOWER SEBELAH KANAN LUBUK PAKAM
Susan Pilar Medan 1;Susan Pilar Medan 1;Jl. PERTAHANAN NO. 59 AA MEDAN AMPLAS
Sutera Property Medan 1;Sutera Property Medan 1;DUSUN 3 HAMPARAN PERAK, MEDAN
Syahdan Tanjung Balai 1;Syahdan Tanjung Balai 1;Jl. ALTERI TANJUNG BALAI
Tamba Jaya Bagan Batu 1;Tamba Jaya Bagan Batu 1;Jl. SM. RAJA SEI BUAYA BAGAN BATU
Tambun Mandiri Medan 1;Tambun Mandiri Medan 1;Jl. DELITUA DEPAN ASRAMA ARMED MEDAN
Tani Jaya Sergai 1;Tani Jaya Sergai 1;Jl. DESA JUHAR KEC.BANDAR KHALIFAH
Tarigan Jaya Namorambe 1;Tarigan Jaya Namorambe 1;Jl. NAMORAMBE NO. 24 DELI SERDANG MEDAN
Tarigan Jaya Sinembah 1;Tarigan Jaya Sinembah 1;Jl. SUNGAI BUAYA DESA BANGUN REJO KEC. BAGAN SINEMBAH, BAGAN BATU
TAS Siantar 1;TAS Siantar 1;Jl. SUTOMO NO.14 SONDI RAYA
Tek Sue Medan 1 (CV. Cakrawala Mega Konstruksi) - GPB;Tek Sue Medan 1 (CV. Cakrawala Mega Konstruksi) - GPB;Jl. MADIO SANTOSO NO. 82 C,D MEDAN 
Terang Jaya Kuala Tanjung 1;Terang Jaya Kuala Tanjung 1;DESA KUALA TANJUNG PEMATANG SIJAGO
Tetap Jaya Kisaran 1;Tetap Jaya Kisaran 1;Jl. SM. RAJA NO. 88 D
Tetap Jaya Tebing 1;Tetap Jaya Tebing 1;Jl. HARSYIHAB NO.7
Tiga Saudara Tebing 1;Tiga Saudara Tebing 1;Jl. BANDARSONO TEBING TINGGI
Tika Langga Payung 1;Tika Langga Payung 1;Jl. JEND . SUDIRMAN NO.53 LANGGA PAYUNG KEC. SUNGAI KANAN KAB. LABUHAN BATU SELATAN
Tio Jaya Mandiri Damuli 1;Tio Jaya Mandiri Damuli 1;Jl. LINSUM DAMULI DEPAN KANTOR CAMAT KEC. KWALA SELATAN KAB. LABUHAN BATU UTARA
Toba Pulp Lestari Porsea 1;Toba Pulp Lestari Porsea 1;Jl. LETJEN MT HARYONO NO. A- 1 MEDAN
Toko Somat Talawi 1;Toko Somat Talawi 1;DESA BENTENG DUSUN 4 KEC. TALAWI
Total Mandiri Medan 1;Total Mandiri Medan 1;Jl. ADI SUCIPTO KOMPLEK RIVERVIEW BLOK A 23-25 (DEPAN LANUD)
Transputra Nauli Medan 1;Transputra Nauli Medan 1;Jl. PELITA 6 GG . JABAT NO.13 MEDAN
Tri V Jaya Tanjung Morawa 1;Tri V Jaya Tanjung Morawa 1;Jl. SEI MERAH NO.52 TANJUNG MORAWA
Tulung Agung Tanah Jawa 1;Tulung Agung Tanah Jawa 1;SIMPANG SITAPULAK DESA MARUBUN JAYA TANAH JAWA PEMATANG SIANTAR
Tumorang Jaya Sunggal 1;Tumorang Jaya Sunggal 1;Jl. SEI MENCIRIM PERUMAHAN RORINATA MEDAN SUNGGAL
Tunas Baru Sei Rampah1;Tunas Baru Sei Rampah1;Jl. BESAR DESA PON KM.64,5 NO.278
Tunas Family Tanjung Balai 1;Tunas Family Tanjung Balai 1;Jl. ALTERI
US Siantar 1;US Siantar 1;Jl. BESAR KERASAAN KEC.SIANTAR MARIHAT
Usaha Adek Sigambal 1;Usaha Adek Sigambal 1;Jl. BESAR TANJUNG TIRAM SIGAMBAL KEC. RANTAU PRAPAT KAB. LABUHAN BATU
Usaha Baru Air Joman 1;Usaha Baru Air Joman 1;Jl. PROTOKOL NO. 129 AIR JOMAN, DISAMPING POLSEK AIR JOMAN
Usaha Baru Batangkuis 1;Usaha Baru Batangkuis 1;Jl. NIAGA NO. 62 BATANG KUIS
Usaha Baru Damuli 1;Usaha Baru Damuli 1;DAMULI PEKAN KEC.KWALUH SELATAN LABUHAN BATU UTARA
Usaha Baru Indrapura 1;Usaha Baru Indrapura 1;Jl. BESAR INDRAPURA KEC.AIR PUTIH KAB.BATUBARA
Usaha Baru Sei Piring 1;Usaha Baru Sei Piring 1;Jl. BESAR SUNGAI PIRING
Usaha Baru Tanjung Morawa 1;Usaha Baru Tanjung Morawa 1;Jl. BATANG KUIS - TANJUNG MORAWA PASAR 5 DESA TELAGA SARI
Usaha Makmur Laut dendang1;Usaha Makmur Laut dendang1;Jl. PERHUBUNGAN NO. 3 LAUT DENDANG KEC. PERHUBUNGAN SEI TUAN KAB. DELI SERDANG
Utama Bangunan Batubara 1;Utama Bangunan Batubara 1;Jl. LINTAS SUMATERA KEC. SIPARE- PARE KAB. BATUBARA
Via Sanitari Marelan 1;Via Sanitari Marelan 1;MARELAN PSR IV MEDAN
Visi Mima Mandiri Namorambe 1;Visi Mima Mandiri Namorambe 1;Jl. BESAR DELITUA NAMORAMBE
Wandi Rantau Selatan 1;Wandi Rantau Selatan 1;Jl. BESAR SIGAMBAL KEC. RANTAU SELATAN KAB. LABUHAN BATU
Willy Jaya Sei Rampah 1;Willy Jaya Sei Rampah 1;Jl. BESAR SEI RAMPAH NO.8 A KOMPLEKS RRI
Winmar Lubuk Pakam 1;Winmar Lubuk Pakam 1;Jl. KH. A. SALIM NO. 56 LUBUK PAKAM
Wisindo Batubara 1;Wisindo Batubara 1;BATUBARA
Yanis Karunia Jaya Medan 1;Yanis Karunia Jaya Medan 1;Jl. SETIA BUDI 127 TJ. SARI PSR I
Yatmi Bagan Batu 1;Yatmi Bagan Batu 1;Jl. JEND. SUDIRMAN BAGAN BATU KEC. BAGAN SINEMBAH BAGAN BATU
Yayasan Darul Ilmi Medan 1;Yayasan Darul Ilmi Medan 1;Jl. KARYA JAYA UJUNG MEDAN JOHOR
Yoga Karunia Jaya Batangkuis 1;Yoga Karunia Jaya Batangkuis 1;Jl. MEDAN BATANGKUIS NO.2 SEI ROTAN
Zam - Zam Medan 1;Zam - Zam Medan 1;Jl. PANCING KOMP. IAIN NO. 7/11 LK.XI MEDAN
